rank,brand,model,connection,vid_pid,headsetcontrol,capabilities,bluetooth_battery,backend,source
1,SteelSeries,Arctis Nova Pro Wireless,USB dongle (base station),1038:12e0 / 1038:12e5,yes,"battery,sidetone,lights,inactive_time,eq_preset,eq",no (has own display),direct HID (HeadsetBatteryTray),https://github.com/Sapd/HeadsetControl/blob/master/lib/devices/steelseries_arctis_nova_pro_wireless.hpp
2,SteelSeries,Arctis Nova 7,USB dongle,"1038:2202,1038:22a1,1038:227e",yes,"battery,sidetone,inactive_time,chatmix,eq_preset,eq,mic_led,mic_vol,volume_limiter,bt_power_on,bt_call_vol,sidetone_status",no (dongle),HeadsetControl,https://github.com/Sapd/HeadsetControl/blob/master/lib/devices/steelseries_arctis_nova_7.hpp
3,SteelSeries,Arctis Nova 7X,USB dongle,"1038:2206,1038:2258,1038:229e,1038:22ad,1038:22a4,1038:22a5",yes,same capability set as Nova 7,no (dongle),HeadsetControl,https://github.com/Sapd/HeadsetControl/blob/master/lib/devices/steelseries_arctis_nova_7.hpp
4,SteelSeries,Arctis Nova 7P,USB dongle,"1038:220a,1038:22a7,1038:2298",yes,"battery,inactive_time,eq_preset,eq,mic_led,mic_vol,volume_limiter,bt_power_on,bt_call_vol (no sidetone/chatmix)",no (dongle),HeadsetControl,https://github.com/Sapd/HeadsetControl/blob/master/lib/devices/steelseries_arctis_nova_7p.hpp
5,SteelSeries,Arctis Nova 5 / 5X,USB dongle,1038:2232 / 1038:2253,yes,"battery,sidetone,inactive_time,chatmix,eq_preset,eq,parametric_eq,mic_led,mic_vol",no (dongle),HeadsetControl,https://github.com/Sapd/HeadsetControl/blob/master/lib/devices/steelseries_arctis_nova_5.hpp
6,SteelSeries,Arctis Nova 3P Wireless / 3X Wireless,USB dongle,1038:2269 / 1038:226d,yes,"battery,sidetone,inactive_time,eq_preset,eq,parametric_eq,mic_vol",no (dongle),HeadsetControl,https://github.com/Sapd/HeadsetControl/blob/master/lib/devices/steelseries_arctis_nova_3p_wireless.hpp
7,SteelSeries,Arctis 7+,USB dongle,"1038:220e,1038:2212,1038:2216,1038:2236",yes,"battery,sidetone,inactive_time,chatmix,eq_preset,eq",no (dongle),HeadsetControl,https://github.com/Sapd/HeadsetControl/blob/master/lib/devices/steelseries_arctis_7_plus.hpp
8,SteelSeries,Arctis 1 Wireless,USB dongle,"1038:12b3,1038:12b6,1038:12d7,1038:12d5",yes,"battery,sidetone,inactive_time",no (dongle),HeadsetControl,https://github.com/Sapd/HeadsetControl/blob/master/lib/devices/steelseries_arctis_1.hpp
9,SteelSeries,Arctis 9,USB dongle + BT simultaneous,1038:12c2,yes,"battery,sidetone,inactive_time,chatmix",unverified (separate for BT side),HeadsetControl,https://github.com/Sapd/HeadsetControl/blob/master/lib/devices/steelseries_arctis_9.hpp
10,SteelSeries,Arctis Pro Wireless,USB dongle,1038:1290,yes,"battery,sidetone,inactive_time",no (dongle),HeadsetControl,https://github.com/Sapd/HeadsetControl/blob/master/lib/devices/steelseries_arctis_pro_wireless.hpp
11,SteelSeries,Arctis GameBuds,USB dongle,1038:230a,yes,battery,unverified,HeadsetControl,https://github.com/Sapd/HeadsetControl/blob/master/lib/devices/steelseries_arctis_gamebuds.hpp
12,Logitech / Astro,ASTRO A50 X (Gen 5),USB dongle (base station),046d:0b1c,yes,"sidetone,battery,lights,chatmix,parametric_eq,mic_noise_filter",no (dongle),HeadsetControl,https://github.com/Sapd/HeadsetControl/blob/master/lib/devices/logitech_astro_a50.hpp
13,Logitech,G PRO X 2 LIGHTSPEED,USB dongle,046d:0af7,yes,"sidetone,battery,inactive_time,eq_preset,eq,parametric_eq",no (dongle),HeadsetControl,https://github.com/Sapd/HeadsetControl/blob/master/lib/devices/logitech_gpro_x2_lightspeed.hpp
14,Logitech,G522 LIGHTSPEED,USB dongle,046d:0b18,yes,"sidetone,battery,inactive_time,mic_led",no (dongle),HeadsetControl,https://github.com/Sapd/HeadsetControl/blob/master/lib/devices/logitech_g522_lightspeed.hpp
15,Logitech,G535 LIGHTSPEED,USB dongle,unverified (VID 046d),yes,"sidetone,battery,inactive_time",no (dongle),HeadsetControl,https://github.com/Sapd/HeadsetControl/blob/master/lib/devices/logitech_g535.hpp
16,Logitech,G733 / G933 / G935 (G633/G635 family),USB dongle,unverified (VID 046d),yes,"sidetone,battery,lights",no (dongle),HeadsetControl,https://github.com/Sapd/HeadsetControl/blob/master/lib/devices/logitech_g633_g933_935.hpp
17,Logitech,G930,USB dongle,unverified (VID 046d),yes,"sidetone,battery",no (dongle),HeadsetControl,https://github.com/Sapd/HeadsetControl/blob/master/lib/devices/logitech_g930.hpp
18,Logitech,G Pro Series (wired/USB),USB,unverified (VID 046d),yes,"sidetone,battery,lights",none (wired),HeadsetControl,https://github.com/Sapd/HeadsetControl/blob/master/lib/devices/logitech_gpro.hpp
19,Logitech,G435 LIGHTSPEED,Bluetooth + 2.4G dongle,unverified,no (not in HeadsetControl list),—,yes (may be standard BT battery; unverified),Bluetooth battery / unsupported — via issue,https://github.com/Sapd/HeadsetControl/blob/master/README.md
20,Corsair,VOID / VOID PRO / VOID RGB (ELITE) Wireless family,USB dongle,"1b1c:0a14,0a16,0a17,0a1d,0a1a,0a55,0a51,0a52,0a38,0a4f,0a2b,0a75,0a56 (etc.)",yes,"sidetone,battery,notification_sound,lights",no (dongle),HeadsetControl,https://github.com/Sapd/HeadsetControl/blob/master/lib/devices/corsair_void_rich.hpp
21,Corsair,VOID WIRELESS V2,USB dongle,1b1c:2a08 (receiver),yes,"sidetone,battery,inactive_time",no (dongle),HeadsetControl,https://github.com/Sapd/HeadsetControl/blob/master/lib/devices/corsair_void_v2w.hpp
22,Corsair,Virtuoso RGB Wireless XT / SE,USB dongle,"1b1c:0a64 (wireless receiver), 1b1c:0a62 (wired), 1b1c:0a3e/0a3d (SE)",yes (battery only),battery,no (dongle),HeadsetControl,https://github.com/Sapd/HeadsetControl/blob/master/lib/devices/corsair_virtuoso_xt.hpp
23,Corsair,HS80 RGB Wireless / HS80 Max,USB dongle,unverified,no (not in README; sidetone via ALSA mixer),—,no (dongle),unsupported — via issue,https://github.com/Sapd/HeadsetControl/blob/master/README.md
24,Razer,BlackShark V2 Pro (2.4G),USB dongle,"1532:0555 (V2 Pro 2.4, OpenRazer PR)",no (not in HeadsetControl),—,no (dongle),"not Bluetooth battery; community project exists (openrazer PR #2862, blackshark-linux)",https://github.com/openrazer/openrazer/pull/2862 ; https://github.com/everyoneexe/blackshark-linux
25,Razer,BlackShark V2 HyperSpeed,USB dongle,1532:0565 / 1532:0566,no,—,no (dongle),"community project: razer-blackshark-v2-hyperspeed-webhid (includes battery)",https://github.com/justik13/razer-blackshark-v2-hyperspeed-webhid
26,Razer,BlackShark V3 / V3 Pro,USB dongle,"1532:0579,0057a,0576,0577 (OpenRazer PR #2794)",no,—,no (dongle),"community project: occam (macOS), windows-headset-control (includes battery)",https://github.com/openrazer/openrazer/pull/2794 ; https://github.com/dappermint/occam ; https://github.com/cunningorb/windows-headset-control
27,Razer,Kraken V3 Pro,USB dongle,unverified,no,—,no (dongle),unsupported — via issue (no known open source protocol found),https://github.com/Sapd/HeadsetControl/issues
28,Razer,Barracuda X,Bluetooth + 2.4G dongle,unverified,no,—,yes (in BT mode; unverified),Bluetooth battery (in BT mode) / unsupported in dongle mode,—
29,HyperX,Cloud II Wireless,USB dongle,03f0:0x.. (VENDOR_HYPERX=03f0),yes,"battery",no (dongle),HeadsetControl,https://github.com/Sapd/HeadsetControl/blob/master/lib/devices/hyperx_cloud_2_wireless.hpp
30,HyperX,Cloud II Wireless (Kingston edition),USB dongle,0951:unverified (VENDOR_KINGSTON=0951),yes,"sidetone,battery,inactive_time",no (dongle),HeadsetControl,https://github.com/Sapd/HeadsetControl/blob/master/lib/devices/hyperx_cloud_2_wireless_kingston.hpp
31,HyperX,Cloud Alpha Wireless,USB dongle,03f0:unverified (VENDOR_HP=03f0),yes,"sidetone,battery,inactive_time,voice_prompts",no (dongle),HeadsetControl,https://github.com/Sapd/HeadsetControl/blob/master/lib/devices/hyperx_cloud_alpha_wireless.hpp
32,HyperX,Cloud Flight / Flight S,USB dongle,0951:unverified (VENDOR_HYPERX=0951),yes,battery,no (dongle),HeadsetControl,https://github.com/Sapd/HeadsetControl/blob/master/lib/devices/hyperx_cloud_flight.hpp
33,HyperX,Cloud III Wireless,USB dongle,03f0:unverified (VENDOR_HYPERX_CLOUD=03f0),yes,battery,no (dongle),HeadsetControl,https://github.com/Sapd/HeadsetControl/blob/master/lib/devices/hyperx_cloud_3.hpp
34,Turtle Beach,Stealth 600 Gen 2,USB dongle,unverified,no (not in HeadsetControl list),—,no (dongle),unsupported — via issue (no open source protocol found),https://github.com/Sapd/HeadsetControl/issues
35,Turtle Beach,Stealth 700 Gen 2,USB dongle,unverified,no,—,no (dongle),unsupported — via issue,https://github.com/Sapd/HeadsetControl/issues
36,Turtle Beach,Recon 500,USB dongle,unverified,no,—,no (dongle),unsupported — via issue,https://github.com/Sapd/HeadsetControl/issues
37,Turtle Beach,Recon 50 (wired),USB/3.5mm,none,no,—,"none (wired, no battery)",unsupported (no battery to begin with),—
38,Audeze,Maxwell,USB dongle,unverified (usage-page 0xff13),yes,"sidetone,battery,inactive_time,chatmix,voice_prompts,eq_preset,mic_vol,mic_noise_filter",no (dongle),HeadsetControl,https://github.com/Sapd/HeadsetControl/blob/master/lib/devices/audeze_maxwell.hpp
39,Audeze,Maxwell 2,USB dongle,unverified (usage-page 0xff13),yes,"sidetone,battery,inactive_time,chatmix,voice_prompts,eq_preset,mic_noise_filter",no (dongle),HeadsetControl,https://github.com/Sapd/HeadsetControl/blob/master/lib/devices/audeze_maxwell2.hpp
40,EPOS (Sennheiser),GSP 670,USB dongle,unverified,no (not in HeadsetControl list),—,no (dongle),unsupported — via issue,https://github.com/Sapd/HeadsetControl/issues
41,EPOS,H3 Hybrid,Bluetooth + USB-C,unverified,no,—,"yes (in BT mode; standard BT battery expected, unverified)",Bluetooth battery (in BT mode),—
42,Sony,INZONE H9,USB dongle,054c:unverified (VENDOR_SONY=054c; H5 known as 0x0EBF),no (only H5/Buds listed),—,no (dongle),unsupported (H9 not in HeadsetControl) — via issue,https://github.com/Sapd/HeadsetControl/blob/master/README.md
43,Sony,INZONE H5,USB dongle,054C:0EBF,yes,"sidetone,battery,chatmix,mic_vol",no (dongle),HeadsetControl,https://github.com/Sapd/HeadsetControl/blob/master/lib/devices/sony_inzone_h5.hpp
44,Sony,INZONE Buds,USB dongle,054c:0ec2,yes,battery,no (dongle),HeadsetControl,https://github.com/Sapd/HeadsetControl/blob/master/lib/devices/sony_inzone_buds.hpp
45,Sony,"WH-1000XM5 (consumer, used via BT on PC)",Bluetooth,054C:unverified,no,—,yes (supported by Windows BT battery badge),Bluetooth battery,https://www.rtings.com/headphones/reviews/best/wireless-gaming-headsets
46,Apple,AirPods Pro 2 (used via BT on PC),Bluetooth,05AC:unverified,no,—,no (Apple's proprietary AAP protocol; does not support Windows standard BT battery service),unsupported — via issue (Apple's proprietary protocol is not fully documented open source),https://github.com/TheWeirdDev/Bluetooth_Headset_Battery_Level
47,Bose,"QuietComfort Ultra Headphones (consumer, BT on PC)",Bluetooth,unverified,no,—,"yes (Windows BT battery badge; reported to work on most Bose models, unverified)",Bluetooth battery,—
48,JBL,Quantum 910 Wireless,USB dongle + BT,unverified,no (not in HeadsetControl list),—,yes (in BT mode; unverified),Bluetooth battery (in BT mode) / unsupported in dongle mode,—
49,JBL,Quantum 810,USB dongle + BT,unverified,no,—,yes (in BT mode; unverified),Bluetooth battery (in BT mode) / unsupported in dongle mode,—
50,ROCCAT,Elo 7.1 Air,USB dongle,unverified (VID likely 1e7d Roccat),partial (no battery; only light/inactive time),lights,no (dongle),unsupported (battery) — via issue (HeadsetControl only supports light/inactive time),https://github.com/Sapd/HeadsetControl/blob/master/lib/devices/roccat_elo_7_1_air.hpp
